ts,pay_desired,pay_ready,relay_desired,relay_ready,orders_ready,seats_ready,conf_ready,pay_pods,lag_payments,lag_all,outbox_unpub,mono_ready
2026-09-29T04:05:26Z,0,0,0,0,0,1,0,"",0,0,0,1
2026-09-29T04:05:36Z,0,0,0,0,0,1,0,"",0,0,0,1
2026-09-29T04:05:45Z,0,0,0,0,0,1,0,"",0,0,0,1
2026-09-29T04:05:55Z,0,0,0,0,0,1,0,"",0,0,0,1
2026-09-29T04:06:05Z,0,0,0,0,0,1,0,"",0,0,0,1
2026-09-29T04:06:14Z,0,0,0,0,0,1,0,"",0,0,0,1
2026-09-29T04:06:23Z,0,0,0,0,0,1,0,"",0,0,0,1
2026-09-29T04:06:32Z,0,0,0,0,0,1,0,"",0,0,0,1
2026-09-29T04:06:42Z,0,0,0,0,0,1,0,"",0,0,0,1
2026-09-29T04:06:51Z,0,0,0,0,0,1,0,"",0,0,0,1
2026-09-29T04:07:00Z,0,0,0,0,0,1,0,"",0,0,0,1
2026-09-29T04:07:09Z,0,0,0,0,0,1,0,"",0,0,0,1
2026-09-29T04:07:18Z,0,0,0,0,0,1,0,"",0,0,0,1
2026-09-29T04:07:27Z,0,0,0,0,0,1,0,"",0,0,0,1
2026-09-29T04:07:36Z,0,0,0,0,0,1,0,"",0,0,0,1
2026-09-29T04:07:45Z,0,0,0,0,0,1,0,"",0,0,0,1
2026-09-29T04:07:54Z,0,0,0,0,0,1,0,"",0,0,0,1
2026-09-29T04:08:03Z,0,0,1,0,1,1,0,"",0,0,34,1
2026-09-29T04:08:12Z,0,0,1,0,1,1,0,"",0,0,70,1
2026-09-29T04:08:21Z,0,0,1,0,1,1,0,"",0,0,119,1
2026-09-29T04:08:30Z,1,0,1,1,1,1,0,"tkt01-payments-6557d88f48-8nvt6",0,0,4,1
2026-09-29T04:08:38Z,6,1,1,1,1,1,0,"tkt01-payments-6557d88f48-5ssrs tkt01-payments-6557d88f48-6jcz6 tkt01-payments-6557d88f48-8nvt6 tkt01-payments-6557d88f48-dwdl4 tkt01-payments-6557d88f48-h4pb9 tkt01-payments-6557d88f48-lcmkx",0,0,5,1
2026-09-29T04:08:47Z,6,1,1,1,1,1,0,"tkt01-payments-6557d88f48-5ssrs tkt01-payments-6557d88f48-6jcz6 tkt01-payments-6557d88f48-8nvt6 tkt01-payments-6557d88f48-dwdl4 tkt01-payments-6557d88f48-h4pb9 tkt01-payments-6557d88f48-lcmkx",0,0,3,1
2026-09-29T04:08:56Z,6,5,1,1,1,1,0,"tkt01-payments-6557d88f48-5ssrs tkt01-payments-6557d88f48-6jcz6 tkt01-payments-6557d88f48-8nvt6 tkt01-payments-6557d88f48-dwdl4 tkt01-payments-6557d88f48-h4pb9 tkt01-payments-6557d88f48-lcmkx",0,0,2,0
2026-09-29T04:09:05Z,6,5,1,1,1,1,0,"tkt01-payments-6557d88f48-5ssrs tkt01-payments-6557d88f48-6jcz6 tkt01-payments-6557d88f48-8nvt6 tkt01-payments-6557d88f48-dwdl4 tkt01-payments-6557d88f48-h4pb9 tkt01-payments-6557d88f48-lcmkx",0,0,0,0
2026-09-29T04:09:13Z,6,5,1,1,1,1,0,"tkt01-payments-6557d88f48-5ssrs tkt01-payments-6557d88f48-6jcz6 tkt01-payments-6557d88f48-8nvt6 tkt01-payments-6557d88f48-dwdl4 tkt01-payments-6557d88f48-h4pb9 tkt01-payments-6557d88f48-lcmkx",0,0,5,0
2026-09-29T04:09:22Z,6,4,1,1,1,1,0,"tkt01-payments-6557d88f48-5ssrs tkt01-payments-6557d88f48-6jcz6 tkt01-payments-6557d88f48-8nvt6 tkt01-payments-6557d88f48-dwdl4 tkt01-payments-6557d88f48-h4pb9 tkt01-payments-6557d88f48-lcmkx tkt01-payments-6557d88f48-w5cbr",0,0,4,0
2026-09-29T04:09:31Z,6,4,1,1,1,1,0,"tkt01-payments-6557d88f48-5ssrs tkt01-payments-6557d88f48-8nvt6 tkt01-payments-6557d88f48-dwdl4 tkt01-payments-6557d88f48-h4pb9 tkt01-payments-6557d88f48-lcmkx tkt01-payments-6557d88f48-w5cbr",0,0,2,1
2026-09-29T04:09:39Z,6,4,1,1,1,1,0,"tkt01-payments-6557d88f48-5ssrs tkt01-payments-6557d88f48-8nvt6 tkt01-payments-6557d88f48-dwdl4 tkt01-payments-6557d88f48-h4pb9 tkt01-payments-6557d88f48-lcmkx tkt01-payments-6557d88f48-w5cbr",0,0,0,1
2026-09-29T04:09:48Z,6,4,1,1,1,1,0,"tkt01-payments-6557d88f48-5ssrs tkt01-payments-6557d88f48-8nvt6 tkt01-payments-6557d88f48-dwdl4 tkt01-payments-6557d88f48-h4pb9 tkt01-payments-6557d88f48-lcmkx tkt01-payments-6557d88f48-w5cbr",0,0,6,1
2026-09-29T04:09:57Z,6,4,1,1,1,1,0,"tkt01-payments-6557d88f48-5ssrs tkt01-payments-6557d88f48-8nvt6 tkt01-payments-6557d88f48-dwdl4 tkt01-payments-6557d88f48-h4pb9 tkt01-payments-6557d88f48-lcmkx tkt01-payments-6557d88f48-w5cbr",0,0,6,1
2026-09-29T04:10:06Z,6,4,1,1,1,1,0,"tkt01-payments-6557d88f48-5ssrs tkt01-payments-6557d88f48-8nvt6 tkt01-payments-6557d88f48-dwdl4 tkt01-payments-6557d88f48-h4pb9 tkt01-payments-6557d88f48-lcmkx tkt01-payments-6557d88f48-w5cbr",0,0,3,0
2026-09-29T04:10:14Z,6,4,1,1,1,1,0,"tkt01-payments-6557d88f48-5ssrs tkt01-payments-6557d88f48-8nvt6 tkt01-payments-6557d88f48-dwdl4 tkt01-payments-6557d88f48-h4pb9 tkt01-payments-6557d88f48-lcmkx tkt01-payments-6557d88f48-w5cbr",0,0,3,0
2026-09-29T04:10:23Z,6,4,1,1,1,1,0,"tkt01-payments-6557d88f48-5ssrs tkt01-payments-6557d88f48-8nvt6 tkt01-payments-6557d88f48-dwdl4 tkt01-payments-6557d88f48-h4pb9 tkt01-payments-6557d88f48-lcmkx tkt01-payments-6557d88f48-w5cbr",0,0,2,0
2026-09-29T04:10:32Z,6,4,1,1,1,1,0,"tkt01-payments-6557d88f48-5ssrs tkt01-payments-6557d88f48-8nvt6 tkt01-payments-6557d88f48-dwdl4 tkt01-payments-6557d88f48-h4pb9 tkt01-payments-6557d88f48-lcmkx tkt01-payments-6557d88f48-w5cbr",0,0,1,1
2026-09-29T04:10:41Z,6,4,1,1,1,1,0,"tkt01-payments-6557d88f48-5ssrs tkt01-payments-6557d88f48-8nvt6 tkt01-payments-6557d88f48-dwdl4 tkt01-payments-6557d88f48-h4pb9 tkt01-payments-6557d88f48-lcmkx tkt01-payments-6557d88f48-w5cbr",0,0,3,1
2026-09-29T04:10:50Z,6,4,1,1,1,1,0,"tkt01-payments-6557d88f48-5ssrs tkt01-payments-6557d88f48-8nvt6 tkt01-payments-6557d88f48-dwdl4 tkt01-payments-6557d88f48-h4pb9 tkt01-payments-6557d88f48-lcmkx tkt01-payments-6557d88f48-w5cbr",0,0,1,1
2026-09-29T04:10:59Z,6,4,1,1,1,1,0,"tkt01-payments-6557d88f48-5ssrs tkt01-payments-6557d88f48-8nvt6 tkt01-payments-6557d88f48-dwdl4 tkt01-payments-6557d88f48-h4pb9 tkt01-payments-6557d88f48-lcmkx tkt01-payments-6557d88f48-w5cbr",0,0,2,1
2026-09-29T04:11:08Z,6,4,1,1,1,1,0,"tkt01-payments-6557d88f48-5ssrs tkt01-payments-6557d88f48-8nvt6 tkt01-payments-6557d88f48-dwdl4 tkt01-payments-6557d88f48-h4pb9 tkt01-payments-6557d88f48-lcmkx tkt01-payments-6557d88f48-w5cbr",0,0,1,0
2026-09-29T04:11:18Z,6,4,1,1,1,1,0,"tkt01-payments-6557d88f48-5ssrs tkt01-payments-6557d88f48-8nvt6 tkt01-payments-6557d88f48-dwdl4 tkt01-payments-6557d88f48-h4pb9 tkt01-payments-6557d88f48-lcmkx tkt01-payments-6557d88f48-w5cbr",0,0,0,0
2026-09-29T04:11:27Z,6,4,1,1,1,1,0,"tkt01-payments-6557d88f48-5ssrs tkt01-payments-6557d88f48-8nvt6 tkt01-payments-6557d88f48-dwdl4 tkt01-payments-6557d88f48-h4pb9 tkt01-payments-6557d88f48-lcmkx tkt01-payments-6557d88f48-w5cbr",0,0,0,1
2026-09-29T04:11:36Z,6,4,1,1,1,1,0,"tkt01-payments-6557d88f48-5ssrs tkt01-payments-6557d88f48-8nvt6 tkt01-payments-6557d88f48-dwdl4 tkt01-payments-6557d88f48-h4pb9 tkt01-payments-6557d88f48-lcmkx tkt01-payments-6557d88f48-w5cbr",0,0,0,1
2026-09-29T04:11:45Z,6,4,1,1,1,1,0,"tkt01-payments-6557d88f48-5ssrs tkt01-payments-6557d88f48-8nvt6 tkt01-payments-6557d88f48-dwdl4 tkt01-payments-6557d88f48-h4pb9 tkt01-payments-6557d88f48-lcmkx tkt01-payments-6557d88f48-w5cbr",0,0,0,1
2026-09-29T04:11:55Z,6,4,1,1,1,1,0,"tkt01-payments-6557d88f48-5ssrs tkt01-payments-6557d88f48-8nvt6 tkt01-payments-6557d88f48-dwdl4 tkt01-payments-6557d88f48-h4pb9 tkt01-payments-6557d88f48-lcmkx tkt01-payments-6557d88f48-w5cbr",0,0,0,1
2026-09-29T04:12:04Z,6,4,1,1,1,1,0,"tkt01-payments-6557d88f48-5ssrs tkt01-payments-6557d88f48-8nvt6 tkt01-payments-6557d88f48-dwdl4 tkt01-payments-6557d88f48-h4pb9 tkt01-payments-6557d88f48-lcmkx tkt01-payments-6557d88f48-w5cbr",0,0,0,1
2026-09-29T04:12:13Z,6,4,0,0,1,1,0,"tkt01-payments-6557d88f48-5ssrs tkt01-payments-6557d88f48-8nvt6 tkt01-payments-6557d88f48-dwdl4 tkt01-payments-6557d88f48-h4pb9 tkt01-payments-6557d88f48-lcmkx tkt01-payments-6557d88f48-w5cbr",0,0,0,1
2026-09-29T04:12:23Z,6,4,0,0,1,1,0,"tkt01-payments-6557d88f48-5ssrs tkt01-payments-6557d88f48-8nvt6 tkt01-payments-6557d88f48-dwdl4 tkt01-payments-6557d88f48-h4pb9 tkt01-payments-6557d88f48-lcmkx tkt01-payments-6557d88f48-w5cbr",0,0,0,1
2026-09-29T04:12:32Z,6,4,0,0,0,1,0,"tkt01-payments-6557d88f48-5ssrs tkt01-payments-6557d88f48-8nvt6 tkt01-payments-6557d88f48-dwdl4 tkt01-payments-6557d88f48-h4pb9 tkt01-payments-6557d88f48-lcmkx tkt01-payments-6557d88f48-w5cbr",0,0,0,1
2026-09-29T04:12:42Z,6,4,0,0,0,1,0,"tkt01-payments-6557d88f48-5ssrs tkt01-payments-6557d88f48-8nvt6 tkt01-payments-6557d88f48-dwdl4 tkt01-payments-6557d88f48-h4pb9 tkt01-payments-6557d88f48-lcmkx tkt01-payments-6557d88f48-w5cbr",0,0,0,1
2026-09-29T04:12:51Z,6,4,0,0,0,1,0,"tkt01-payments-6557d88f48-5ssrs tkt01-payments-6557d88f48-8nvt6 tkt01-payments-6557d88f48-dwdl4 tkt01-payments-6557d88f48-h4pb9 tkt01-payments-6557d88f48-lcmkx tkt01-payments-6557d88f48-w5cbr",0,0,0,1
2026-09-29T04:13:00Z,6,4,0,0,0,0,0,"tkt01-payments-6557d88f48-5ssrs tkt01-payments-6557d88f48-8nvt6 tkt01-payments-6557d88f48-dwdl4 tkt01-payments-6557d88f48-h4pb9 tkt01-payments-6557d88f48-lcmkx tkt01-payments-6557d88f48-w5cbr",0,0,0,1
2026-09-29T04:13:10Z,6,4,0,0,0,0,0,"tkt01-payments-6557d88f48-5ssrs tkt01-payments-6557d88f48-8nvt6 tkt01-payments-6557d88f48-dwdl4 tkt01-payments-6557d88f48-h4pb9 tkt01-payments-6557d88f48-lcmkx tkt01-payments-6557d88f48-w5cbr",0,0,0,1
2026-09-29T04:13:19Z,6,4,0,0,0,0,0,"tkt01-payments-6557d88f48-5ssrs tkt01-payments-6557d88f48-8nvt6 tkt01-payments-6557d88f48-dwdl4 tkt01-payments-6557d88f48-h4pb9 tkt01-payments-6557d88f48-lcmkx tkt01-payments-6557d88f48-w5cbr",0,0,0,1
2026-09-29T04:13:28Z,6,4,0,0,0,0,0,"tkt01-payments-6557d88f48-5ssrs tkt01-payments-6557d88f48-8nvt6 tkt01-payments-6557d88f48-dwdl4 tkt01-payments-6557d88f48-h4pb9 tkt01-payments-6557d88f48-lcmkx tkt01-payments-6557d88f48-w5cbr",0,0,0,1
2026-09-29T04:13:37Z,6,4,0,0,0,0,0,"tkt01-payments-6557d88f48-5ssrs tkt01-payments-6557d88f48-8nvt6 tkt01-payments-6557d88f48-dwdl4 tkt01-payments-6557d88f48-h4pb9 tkt01-payments-6557d88f48-lcmkx tkt01-payments-6557d88f48-w5cbr",0,0,0,1
2026-09-29T04:13:46Z,6,4,0,0,0,0,0,"tkt01-payments-6557d88f48-2x4f7 tkt01-payments-6557d88f48-8nvt6 tkt01-payments-6557d88f48-dwdl4 tkt01-payments-6557d88f48-h4pb9 tkt01-payments-6557d88f48-hp9qj tkt01-payments-6557d88f48-lcmkx",0,0,0,1
2026-09-29T04:13:55Z,6,6,0,0,0,0,1,"tkt01-payments-6557d88f48-2x4f7 tkt01-payments-6557d88f48-8nvt6 tkt01-payments-6557d88f48-dwdl4 tkt01-payments-6557d88f48-h4pb9 tkt01-payments-6557d88f48-hp9qj tkt01-payments-6557d88f48-lcmkx",0,0,0,1
2026-09-29T04:14:04Z,6,6,0,0,1,0,1,"tkt01-payments-6557d88f48-2x4f7 tkt01-payments-6557d88f48-8nvt6 tkt01-payments-6557d88f48-dwdl4 tkt01-payments-6557d88f48-h4pb9 tkt01-payments-6557d88f48-hp9qj tkt01-payments-6557d88f48-lcmkx",0,0,0,1
2026-09-29T04:14:13Z,6,6,0,0,1,0,1,"tkt01-payments-6557d88f48-2x4f7 tkt01-payments-6557d88f48-8nvt6 tkt01-payments-6557d88f48-dwdl4 tkt01-payments-6557d88f48-h4pb9 tkt01-payments-6557d88f48-hp9qj tkt01-payments-6557d88f48-lcmkx",0,0,0,1
2026-09-29T04:14:22Z,6,6,0,0,1,0,1,"tkt01-payments-6557d88f48-2x4f7 tkt01-payments-6557d88f48-8nvt6 tkt01-payments-6557d88f48-dwdl4 tkt01-payments-6557d88f48-h4pb9 tkt01-payments-6557d88f48-hp9qj tkt01-payments-6557d88f48-lcmkx",0,0,0,1
2026-09-29T04:14:31Z,6,6,0,0,1,0,1,"tkt01-payments-6557d88f48-2x4f7 tkt01-payments-6557d88f48-8nvt6 tkt01-payments-6557d88f48-dwdl4 tkt01-payments-6557d88f48-h4pb9 tkt01-payments-6557d88f48-hp9qj tkt01-payments-6557d88f48-lcmkx",0,0,0,1
2026-09-29T04:14:40Z,6,6,0,0,1,0,1,"tkt01-payments-6557d88f48-2x4f7 tkt01-payments-6557d88f48-8nvt6 tkt01-payments-6557d88f48-dwdl4 tkt01-payments-6557d88f48-h4pb9 tkt01-payments-6557d88f48-hp9qj tkt01-payments-6557d88f48-lcmkx",0,0,0,1
2026-09-29T04:14:49Z,6,6,0,0,1,0,1,"tkt01-payments-6557d88f48-2x4f7 tkt01-payments-6557d88f48-8nvt6 tkt01-payments-6557d88f48-dwdl4 tkt01-payments-6557d88f48-h4pb9 tkt01-payments-6557d88f48-hp9qj tkt01-payments-6557d88f48-lcmkx",0,0,0,1
2026-09-29T04:14:58Z,6,6,0,0,1,0,1,"tkt01-payments-6557d88f48-2x4f7 tkt01-payments-6557d88f48-8nvt6 tkt01-payments-6557d88f48-dwdl4 tkt01-payments-6557d88f48-h4pb9 tkt01-payments-6557d88f48-hp9qj tkt01-payments-6557d88f48-lcmkx",0,0,0,1
2026-09-29T04:15:07Z,6,6,0,0,1,0,1,"tkt01-payments-6557d88f48-2x4f7 tkt01-payments-6557d88f48-8nvt6 tkt01-payments-6557d88f48-dwdl4 tkt01-payments-6557d88f48-h4pb9 tkt01-payments-6557d88f48-hp9qj tkt01-payments-6557d88f48-lcmkx",0,0,0,1
2026-09-29T04:15:16Z,6,6,0,0,1,0,1,"tkt01-payments-6557d88f48-2x4f7 tkt01-payments-6557d88f48-8nvt6 tkt01-payments-6557d88f48-dwdl4 tkt01-payments-6557d88f48-h4pb9 tkt01-payments-6557d88f48-hp9qj tkt01-payments-6557d88f48-lcmkx",0,0,0,1
2026-09-29T04:15:25Z,6,6,0,0,1,0,1,"tkt01-payments-6557d88f48-2x4f7 tkt01-payments-6557d88f48-8nvt6 tkt01-payments-6557d88f48-dwdl4 tkt01-payments-6557d88f48-h4pb9 tkt01-payments-6557d88f48-hp9qj tkt01-payments-6557d88f48-lcmkx",0,0,0,1
2026-09-29T04:15:34Z,6,6,0,0,1,0,1,"tkt01-payments-6557d88f48-2x4f7 tkt01-payments-6557d88f48-8nvt6 tkt01-payments-6557d88f48-dwdl4 tkt01-payments-6557d88f48-h4pb9 tkt01-payments-6557d88f48-hp9qj tkt01-payments-6557d88f48-lcmkx",0,0,0,1
2026-09-29T04:15:44Z,6,6,0,0,1,0,1,"tkt01-payments-6557d88f48-2x4f7 tkt01-payments-6557d88f48-8nvt6 tkt01-payments-6557d88f48-dwdl4 tkt01-payments-6557d88f48-h4pb9 tkt01-payments-6557d88f48-hp9qj tkt01-payments-6557d88f48-lcmkx",0,0,0,1
2026-09-29T04:15:53Z,6,6,0,0,1,0,1,"tkt01-payments-6557d88f48-2x4f7 tkt01-payments-6557d88f48-8nvt6 tkt01-payments-6557d88f48-dwdl4 tkt01-payments-6557d88f48-h4pb9 tkt01-payments-6557d88f48-hp9qj tkt01-payments-6557d88f48-lcmkx",0,0,0,1
2026-09-29T04:16:08Z,6,6,0,0,1,0,1,"tkt01-payments-6557d88f48-2x4f7 tkt01-payments-6557d88f48-8nvt6 tkt01-payments-6557d88f48-dwdl4 tkt01-payments-6557d88f48-h4pb9 tkt01-payments-6557d88f48-hp9qj tkt01-payments-6557d88f48-lcmkx",0,0,0,1
2026-09-29T04:16:17Z,6,6,0,0,1,0,1,"tkt01-payments-6557d88f48-2x4f7 tkt01-payments-6557d88f48-8nvt6 tkt01-payments-6557d88f48-dwdl4 tkt01-payments-6557d88f48-h4pb9 tkt01-payments-6557d88f48-hp9qj tkt01-payments-6557d88f48-lcmkx",0,0,0,1
2026-09-29T04:16:27Z,6,6,0,0,1,0,1,"tkt01-payments-6557d88f48-2x4f7 tkt01-payments-6557d88f48-8nvt6 tkt01-payments-6557d88f48-dwdl4 tkt01-payments-6557d88f48-h4pb9 tkt01-payments-6557d88f48-hp9qj tkt01-payments-6557d88f48-lcmkx",0,0,0,1
2026-09-29T04:16:36Z,6,6,0,0,1,0,1,"tkt01-payments-6557d88f48-2x4f7 tkt01-payments-6557d88f48-8nvt6 tkt01-payments-6557d88f48-dwdl4 tkt01-payments-6557d88f48-h4pb9 tkt01-payments-6557d88f48-hp9qj tkt01-payments-6557d88f48-lcmkx",0,0,0,1
2026-09-29T04:16:47Z,6,6,0,0,1,0,1,"tkt01-payments-6557d88f48-2x4f7 tkt01-payments-6557d88f48-8nvt6 tkt01-payments-6557d88f48-dwdl4 tkt01-payments-6557d88f48-h4pb9 tkt01-payments-6557d88f48-hp9qj tkt01-payments-6557d88f48-lcmkx",0,0,0,1
2026-09-29T04:16:57Z,6,6,0,0,1,0,1,"tkt01-payments-6557d88f48-2x4f7 tkt01-payments-6557d88f48-8nvt6 tkt01-payments-6557d88f48-dwdl4 tkt01-payments-6557d88f48-h4pb9 tkt01-payments-6557d88f48-hp9qj tkt01-payments-6557d88f48-lcmkx",0,0,0,1
2026-09-29T04:17:06Z,6,6,0,0,1,0,1,"tkt01-payments-6557d88f48-2x4f7 tkt01-payments-6557d88f48-8nvt6 tkt01-payments-6557d88f48-dwdl4 tkt01-payments-6557d88f48-h4pb9 tkt01-payments-6557d88f48-hp9qj tkt01-payments-6557d88f48-lcmkx",0,0,0,1
2026-09-29T04:17:15Z,6,6,0,0,1,0,1,"tkt01-payments-6557d88f48-2x4f7 tkt01-payments-6557d88f48-8nvt6 tkt01-payments-6557d88f48-dwdl4 tkt01-payments-6557d88f48-h4pb9 tkt01-payments-6557d88f48-hp9qj tkt01-payments-6557d88f48-lcmkx",0,0,0,1
2026-09-29T04:17:24Z,6,6,0,0,1,0,1,"tkt01-payments-6557d88f48-2x4f7 tkt01-payments-6557d88f48-8nvt6 tkt01-payments-6557d88f48-dwdl4 tkt01-payments-6557d88f48-h4pb9 tkt01-payments-6557d88f48-hp9qj tkt01-payments-6557d88f48-lcmkx",0,0,0,1
2026-09-29T04:17:33Z,6,6,0,0,1,0,1,"tkt01-payments-6557d88f48-2x4f7 tkt01-payments-6557d88f48-8nvt6 tkt01-payments-6557d88f48-dwdl4 tkt01-payments-6557d88f48-h4pb9 tkt01-payments-6557d88f48-hp9qj tkt01-payments-6557d88f48-lcmkx",0,0,0,1
2026-09-29T04:17:43Z,6,6,0,0,1,0,1,"tkt01-payments-6557d88f48-2x4f7 tkt01-payments-6557d88f48-8nvt6 tkt01-payments-6557d88f48-dwdl4 tkt01-payments-6557d88f48-h4pb9 tkt01-payments-6557d88f48-hp9qj tkt01-payments-6557d88f48-lcmkx",0,0,0,1
2026-09-29T04:17:52Z,6,6,0,0,1,0,1,"tkt01-payments-6557d88f48-2x4f7 tkt01-payments-6557d88f48-8nvt6 tkt01-payments-6557d88f48-dwdl4 tkt01-payments-6557d88f48-h4pb9 tkt01-payments-6557d88f48-hp9qj tkt01-payments-6557d88f48-lcmkx",0,0,0,1
2026-09-29T04:18:01Z,6,6,0,0,1,0,1,"tkt01-payments-6557d88f48-2x4f7 tkt01-payments-6557d88f48-8nvt6 tkt01-payments-6557d88f48-dwdl4 tkt01-payments-6557d88f48-h4pb9 tkt01-payments-6557d88f48-hp9qj tkt01-payments-6557d88f48-lcmkx",0,0,0,1
2026-09-29T04:18:11Z,6,6,0,0,1,0,1,"tkt01-payments-6557d88f48-2x4f7 tkt01-payments-6557d88f48-8nvt6 tkt01-payments-6557d88f48-dwdl4 tkt01-payments-6557d88f48-h4pb9 tkt01-payments-6557d88f48-hp9qj tkt01-payments-6557d88f48-lcmkx",0,0,0,1
2026-09-29T04:18:20Z,6,6,0,0,1,0,1,"tkt01-payments-6557d88f48-2x4f7 tkt01-payments-6557d88f48-8nvt6 tkt01-payments-6557d88f48-dwdl4 tkt01-payments-6557d88f48-h4pb9 tkt01-payments-6557d88f48-hp9qj tkt01-payments-6557d88f48-lcmkx",0,0,0,1
2026-09-29T04:18:29Z,6,6,0,0,1,0,1,"tkt01-payments-6557d88f48-2x4f7 tkt01-payments-6557d88f48-8nvt6 tkt01-payments-6557d88f48-dwdl4 tkt01-payments-6557d88f48-h4pb9 tkt01-payments-6557d88f48-hp9qj tkt01-payments-6557d88f48-lcmkx",0,0,0,1
2026-09-29T04:18:39Z,6,6,0,0,1,0,1,"tkt01-payments-6557d88f48-2x4f7 tkt01-payments-6557d88f48-8nvt6 tkt01-payments-6557d88f48-dwdl4 tkt01-payments-6557d88f48-h4pb9 tkt01-payments-6557d88f48-hp9qj tkt01-payments-6557d88f48-lcmkx",0,0,0,1
2026-09-29T04:18:48Z,6,6,0,0,1,0,1,"tkt01-payments-6557d88f48-2x4f7 tkt01-payments-6557d88f48-8nvt6 tkt01-payments-6557d88f48-dwdl4 tkt01-payments-6557d88f48-h4pb9 tkt01-payments-6557d88f48-hp9qj tkt01-payments-6557d88f48-lcmkx",0,0,0,1
2026-09-29T04:18:57Z,6,6,0,0,1,0,1,"tkt01-payments-6557d88f48-2x4f7 tkt01-payments-6557d88f48-8nvt6 tkt01-payments-6557d88f48-dwdl4 tkt01-payments-6557d88f48-h4pb9 tkt01-payments-6557d88f48-hp9qj tkt01-payments-6557d88f48-lcmkx",0,0,0,1
2026-09-29T04:19:06Z,6,6,0,0,1,0,1,"tkt01-payments-6557d88f48-2x4f7 tkt01-payments-6557d88f48-8nvt6 tkt01-payments-6557d88f48-dwdl4 tkt01-payments-6557d88f48-h4pb9 tkt01-payments-6557d88f48-hp9qj tkt01-payments-6557d88f48-lcmkx",0,0,0,1
2026-09-29T04:19:15Z,6,6,0,0,1,0,1,"tkt01-payments-6557d88f48-2x4f7 tkt01-payments-6557d88f48-8nvt6 tkt01-payments-6557d88f48-dwdl4 tkt01-payments-6557d88f48-h4pb9 tkt01-payments-6557d88f48-hp9qj tkt01-payments-6557d88f48-lcmkx",0,0,0,1
2026-09-29T04:19:25Z,6,6,0,0,1,0,1,"tkt01-payments-6557d88f48-2x4f7 tkt01-payments-6557d88f48-8nvt6 tkt01-payments-6557d88f48-dwdl4 tkt01-payments-6557d88f48-h4pb9 tkt01-payments-6557d88f48-hp9qj tkt01-payments-6557d88f48-lcmkx",0,0,0,1
2026-09-29T04:19:34Z,6,6,0,0,1,0,1,"tkt01-payments-6557d88f48-2x4f7 tkt01-payments-6557d88f48-8nvt6 tkt01-payments-6557d88f48-dwdl4 tkt01-payments-6557d88f48-h4pb9 tkt01-payments-6557d88f48-hp9qj tkt01-payments-6557d88f48-lcmkx",0,0,0,1
2026-09-29T04:19:43Z,6,6,0,0,1,0,1,"tkt01-payments-6557d88f48-2x4f7 tkt01-payments-6557d88f48-8nvt6 tkt01-payments-6557d88f48-dwdl4 tkt01-payments-6557d88f48-h4pb9 tkt01-payments-6557d88f48-hp9qj tkt01-payments-6557d88f48-lcmkx",0,0,0,1
2026-09-29T04:19:53Z,6,6,0,0,1,0,1,"tkt01-payments-6557d88f48-2x4f7 tkt01-payments-6557d88f48-8nvt6 tkt01-payments-6557d88f48-dwdl4 tkt01-payments-6557d88f48-h4pb9 tkt01-payments-6557d88f48-hp9qj tkt01-payments-6557d88f48-lcmkx",0,0,0,1
2026-09-29T04:20:02Z,6,6,0,0,1,0,1,"tkt01-payments-6557d88f48-2x4f7 tkt01-payments-6557d88f48-8nvt6 tkt01-payments-6557d88f48-dwdl4 tkt01-payments-6557d88f48-h4pb9 tkt01-payments-6557d88f48-hp9qj tkt01-payments-6557d88f48-lcmkx",0,0,0,1
2026-09-29T04:20:11Z,6,6,0,0,1,0,1,"tkt01-payments-6557d88f48-2x4f7 tkt01-payments-6557d88f48-8nvt6 tkt01-payments-6557d88f48-dwdl4 tkt01-payments-6557d88f48-h4pb9 tkt01-payments-6557d88f48-hp9qj tkt01-payments-6557d88f48-lcmkx",0,0,0,1
2026-09-29T04:20:20Z,6,6,0,0,1,0,1,"tkt01-payments-6557d88f48-2x4f7 tkt01-payments-6557d88f48-8nvt6 tkt01-payments-6557d88f48-dwdl4 tkt01-payments-6557d88f48-h4pb9 tkt01-payments-6557d88f48-hp9qj tkt01-payments-6557d88f48-lcmkx",0,0,0,1
2026-09-29T04:20:30Z,6,6,0,0,1,0,1,"tkt01-payments-6557d88f48-2x4f7 tkt01-payments-6557d88f48-8nvt6 tkt01-payments-6557d88f48-dwdl4 tkt01-payments-6557d88f48-h4pb9 tkt01-payments-6557d88f48-hp9qj tkt01-payments-6557d88f48-lcmkx",0,0,0,1
2026-09-29T04:20:39Z,6,6,0,0,1,0,1,"tkt01-payments-6557d88f48-2x4f7 tkt01-payments-6557d88f48-8nvt6 tkt01-payments-6557d88f48-dwdl4 tkt01-payments-6557d88f48-h4pb9 tkt01-payments-6557d88f48-hp9qj tkt01-payments-6557d88f48-lcmkx",0,0,0,1
2026-09-29T04:20:48Z,6,6,0,0,1,0,1,"tkt01-payments-6557d88f48-2x4f7 tkt01-payments-6557d88f48-8nvt6 tkt01-payments-6557d88f48-dwdl4 tkt01-payments-6557d88f48-h4pb9 tkt01-payments-6557d88f48-hp9qj tkt01-payments-6557d88f48-lcmkx",0,0,0,1
2026-09-29T04:20:58Z,6,6,0,0,1,0,1,"tkt01-payments-6557d88f48-2x4f7 tkt01-payments-6557d88f48-8nvt6 tkt01-payments-6557d88f48-dwdl4 tkt01-payments-6557d88f48-h4pb9 tkt01-payments-6557d88f48-hp9qj tkt01-payments-6557d88f48-lcmkx",0,0,0,1
2026-09-29T04:21:08Z,6,6,0,0,1,1,1,"tkt01-payments-6557d88f48-2x4f7 tkt01-payments-6557d88f48-8nvt6 tkt01-payments-6557d88f48-dwdl4 tkt01-payments-6557d88f48-h4pb9 tkt01-payments-6557d88f48-hp9qj tkt01-payments-6557d88f48-lcmkx",0,0,0,1
2026-09-29T04:21:17Z,6,6,0,0,1,1,1,"tkt01-payments-6557d88f48-2x4f7 tkt01-payments-6557d88f48-8nvt6 tkt01-payments-6557d88f48-dwdl4 tkt01-payments-6557d88f48-h4pb9 tkt01-payments-6557d88f48-hp9qj tkt01-payments-6557d88f48-lcmkx",0,0,0,1
2026-09-29T04:21:27Z,6,6,0,0,1,3,1,"tkt01-payments-6557d88f48-2x4f7 tkt01-payments-6557d88f48-8nvt6 tkt01-payments-6557d88f48-dwdl4 tkt01-payments-6557d88f48-h4pb9 tkt01-payments-6557d88f48-hp9qj tkt01-payments-6557d88f48-lcmkx",0,0,0,1
2026-09-29T04:21:37Z,6,6,0,0,3,5,1,"tkt01-payments-6557d88f48-2x4f7 tkt01-payments-6557d88f48-8nvt6 tkt01-payments-6557d88f48-dwdl4 tkt01-payments-6557d88f48-h4pb9 tkt01-payments-6557d88f48-hp9qj tkt01-payments-6557d88f48-lcmkx",0,0,0,1
2026-09-29T04:21:46Z,6,6,0,0,6,5,1,"tkt01-payments-6557d88f48-2x4f7 tkt01-payments-6557d88f48-8nvt6 tkt01-payments-6557d88f48-dwdl4 tkt01-payments-6557d88f48-h4pb9 tkt01-payments-6557d88f48-hp9qj tkt01-payments-6557d88f48-lcmkx",0,0,0,1
2026-09-29T04:21:56Z,1,1,0,0,6,5,1,"tkt01-payments-6557d88f48-lcmkx",0,0,0,1
2026-09-29T04:22:06Z,1,1,0,0,6,5,1,"tkt01-payments-6557d88f48-lcmkx",0,0,0,1
2026-09-29T04:22:16Z,1,1,0,0,6,5,1,"tkt01-payments-6557d88f48-lcmkx",0,0,0,1
2026-09-29T04:22:25Z,1,1,0,0,6,5,0,"tkt01-payments-6557d88f48-lcmkx",0,0,0,1
2026-09-29T04:22:34Z,0,0,0,0,6,5,0,"",0,0,0,1
2026-09-29T04:22:44Z,0,0,0,0,6,5,0,"",0,0,0,1
2026-09-29T04:22:54Z,0,0,0,0,0,5,0,"",0,0,0,1
2026-09-29T04:23:03Z,0,0,0,0,0,5,0,"",0,0,0,1
2026-09-29T04:23:13Z,0,0,0,0,0,2,0,"",0,0,0,1
2026-09-29T04:23:22Z,0,0,0,0,0,2,0,"",0,0,0,1
2026-09-29T04:23:31Z,0,0,0,0,0,2,0,"",0,0,0,1
2026-09-29T04:23:41Z,0,0,0,0,0,1,0,"",0,0,0,1
2026-09-29T04:23:50Z,0,0,0,0,0,1,0,"",0,0,0,1
2026-09-29T04:23:59Z,0,0,0,0,0,1,0,"",0,0,0,1
2026-09-29T04:24:08Z,0,0,0,0,0,1,0,"",0,0,0,1
2026-09-29T04:24:18Z,0,0,0,0,0,1,0,"",0,0,0,1
2026-09-29T04:24:27Z,0,0,0,0,0,1,0,"",0,0,0,1
2026-09-29T04:24:36Z,0,0,0,0,0,1,0,"",0,0,0,1
2026-09-29T04:24:45Z,0,0,0,0,0,1,0,"",0,0,0,1
2026-09-29T04:24:55Z,0,0,0,0,0,1,0,"",0,0,0,1
2026-09-29T04:25:04Z,0,0,0,0,0,1,0,"",0,0,0,1
2026-09-29T04:25:14Z,0,0,0,0,0,1,0,"",0,0,0,1
2026-09-29T04:25:23Z,0,0,0,0,0,1,0,"",0,0,0,1
2026-09-29T04:25:33Z,0,0,0,0,0,1,0,"",0,0,0,1
2026-09-29T04:25:42Z,0,0,0,0,0,1,0,"",0,0,0,1
2026-09-29T04:25:51Z,0,0,0,0,0,1,0,"",0,0,0,1
2026-09-29T04:26:00Z,0,0,0,0,0,1,0,"",0,0,0,1
2026-09-29T04:26:10Z,0,0,0,0,0,1,0,"",0,0,0,1
2026-09-29T04:26:19Z,0,0,0,0,0,1,0,"",0,0,0,1
2026-09-29T04:26:29Z,0,0,0,0,0,1,0,"",0,0,0,1
2026-09-29T04:26:38Z,0,0,0,0,0,1,0,"",0,0,0,1
2026-09-29T04:26:47Z,0,0,0,0,0,1,0,"",0,0,0,1
2026-09-29T04:26:56Z,0,0,0,0,0,1,0,"",0,0,0,1
2026-09-29T04:27:05Z,0,0,0,0,0,1,0,"",0,0,0,1
2026-09-29T04:27:15Z,0,0,0,0,0,1,0,"",0,0,0,1
2026-09-29T04:27:24Z,0,0,0,0,0,1,0,"",0,0,0,1
