OBJECT_NAME	PROCEDURE_NAME	OBJECT_TYPE	SUBPROGRAM_ID
PKG_DUNNING	FN_OVERDUE_ACCOUNTS	PACKAGE	1
PKG_DUNNING	SP_SCHEDULE_DUNNING	PACKAGE	2
PKG_DUNNING	SP_SUSPEND_OVERDUE	PACKAGE	3
PKG_INVOICING	COMPUTE_PREVIEW	PACKAGE	1
PKG_INVOICING	FN_INVOICE_PREVIEW	PACKAGE	2
PKG_INVOICING	FN_INVOICE_LINES	PACKAGE	3
PKG_INVOICING	SP_ISSUE_INVOICE	PACKAGE	4
PKG_OW_UTIL	F_MD5_UUID	PACKAGE	1
PKG_OW_UTIL	F_CODE_DESC	PACKAGE	2
PKG_OW_UTIL	F_DT2STR	PACKAGE	3
PKG_OW_UTIL	F_STR2DT	PACKAGE	4
PKG_OW_UTIL	LOG_MSG	PACKAGE	5
PKG_PLANS	FN_LIST_PLANS	PACKAGE	1
PKG_PLANS	FN_ENTITLEMENT	PACKAGE	2
PKG_PLANS	SP_CHANGE_PLAN	PACKAGE	3
PKG_RATING	COMPUTE_RATING	PACKAGE	1
PKG_RATING	FN_USAGE_RATING	PACKAGE	2
PKG_RATING	FN_USAGE_SUMMARY	PACKAGE	3
PKG_RATING	SP_FINALIZE_RATING	PACKAGE	4
