NAME	TYPE	LINES
PKG_DUNNING	PACKAGE	8
PKG_DUNNING	PACKAGE BODY	87
PKG_INVOICING	PACKAGE	17
PKG_INVOICING	PACKAGE BODY	173
PKG_OW_UTIL	PACKAGE	12
PKG_OW_UTIL	PACKAGE BODY	60
PKG_PLANS	PACKAGE	11
PKG_PLANS	PACKAGE BODY	90
PKG_RATING	PACKAGE	23
PKG_RATING	PACKAGE BODY	190
TRG_BILLING_AUDIT_LOG_ID	TRIGGER	8
TRG_CUSTOMER_MASTER_HIST	TRIGGER	16
TRG_CUSTOMER_MASTER_SEQ	TRIGGER	10
TRG_ENTITY_ATTR_VALUE_SEQ	TRIGGER	8
TRG_SUBSCRIPTIONS_HIST	TRIGGER	18
TRG_SUB_NO_UNCANCEL	TRIGGER	8
TRG_USAGE_EVENTS_CHECK	TRIGGER	15
